target_customer_id,matched_customer_id,rank,distance,similarity_score
C000711,C003305,1,0.8814743183385467,0.5314980865022166
C000711,C001745,2,1.0498046629020092,0.4878513636437195
C000711,C001338,3,1.0599534113536828,0.4854478720190364
C000711,C000526,4,1.0814465491654068,0.48043510913166027
C000711,C001509,5,1.1027100555597829,0.4755767431443516
C000711,C004012,6,1.17131962226077,0.4605494233772933
C000711,C004629,7,1.1881532598704911,0.457006379918373
C000711,C003828,8,1.2412649965018066,0.44617660185690317
C000711,C001538,9,1.245864796753731,0.4452627787057541
C000711,C002876,10,1.249735918123606,0.4444966148889381
C000711,C001574,11,1.2574499903161762,0.44297769797325215
C000711,C002802,12,1.2581258357888636,0.4428451170218579
C000711,C001357,13,1.268168923381207,0.4408842699904727
C000711,C000561,14,1.2792450462593081,0.4387417674291748
C000711,C001758,15,1.2923304570904166,0.43623727848962435
C000711,C002324,16,1.293722308366659,0.43597256579506866
C000711,C004204,17,1.2959795237023628,0.4355439539754511
C000711,C000167,18,1.2962479440044734,0.4354930409893279
C000711,C003596,19,1.3233914600900674,0.430405300689723
C000711,C001361,20,1.3263370298576886,0.4298603285617536
C000711,C001883,21,1.3451251272592815,0.42641647917895426
C000711,C000594,22,1.3505199114249244,0.42543779150280986
C000711,C001333,23,1.3533715604716516,0.42492227610653405
C000711,C000180,24,1.365090725680969,0.4228167609562102
C000711,C001014,25,1.3714886245000817,0.4216760686384501
C000711,C001592,26,1.3776871659372794,0.4205767749121874
C000711,C000817,27,1.3785949107325315,0.42041626991122744
C000711,C001506,28,1.381804218869425,0.41984978953252156
C000711,C004825,29,1.3880941488330742,0.41874395969214323
C000711,C003779,30,1.3996483885176758,0.41672771927129104
C000711,C000520,31,1.4087505222807168,0.41515299768493813
C000711,C000110,32,1.4303164585253911,0.4114690481941417
C000711,C000525,33,1.4460257574184345,0.40882643895598725
C000711,C002029,34,1.464682363709632,0.4057317951895774
C000711,C001320,35,1.466931770043913,0.40536183940839166
C000711,C000633,36,1.4705090582516396,0.4047748769266575
C000711,C002750,37,1.4922276552732314,0.40124745341146073
C000711,C004669,38,1.5082645783341204,0.3986820244713403
C000711,C002409,39,1.5131624601003306,0.39790503633421215
C000711,C002528,40,1.5237054782287092,0.39624275044244117
C000711,C004682,41,1.536356485046619,0.39426634461504717
C000711,C001879,42,1.5428363401405663,0.39326164417829607
C000711,C003549,43,1.5475847317873523,0.39252865175495577
C000711,C002280,44,1.5718415510254327,0.3888264421271539
C000711,C001535,45,1.5724497991960777,0.38873450526129305
C000711,C004291,46,1.5792449023800423,0.38771037177479073
C000711,C000790,47,1.585287895608197,0.3868041163611865
C000711,C001316,48,1.5862468000948498,0.38666070073564723
C000711,C000411,49,1.6013095791633205,0.38442175741406287
C000711,C003916,50,1.6036261802184382,0.38407971451420203
C000711,C004282,51,1.617846831313095,0.3819933191043139
C000711,C001402,52,1.6193870325017652,0.3817687067973702
C000711,C003653,53,1.6279221916843905,0.38052877028259385
C000711,C002223,54,1.6318097482122564,0.3799666752808721
C000711,C002497,55,1.633988953220146,0.3796523135670194
C000711,C001844,56,1.6346579908334966,0.37955590573015563
C000711,C002366,57,1.654513505186897,0.37671686282477307
C000711,C000164,58,1.664387869796817,0.37532072988917287
C000711,C001596,59,1.6789645805984597,0.373278544719172
C000711,C004576,60,1.6892505734476788,0.37185080850163316
C000711,C003447,61,1.6896960415810887,0.37178922247740986
C000711,C000528,62,1.6937552181461923,0.3712289792567668
C000711,C004782,63,1.6955271858116043,0.3709849432287981
C000711,C002328,64,1.7002299292813758,0.37033883268827206
C000711,C001293,65,1.701087305127085,0.3702212801866286
C000711,C004966,66,1.7077744123459788,0.36930698341802176
C000711,C002718,67,1.7093146003314206,0.36909704021735745
C000711,C001074,68,1.714902194422713,0.3683373942731062
C000711,C001945,69,1.7219070015961113,0.36738948076242334
C000711,C002840,70,1.7265659505349265,0.3667617135040543
C000711,C003971,71,1.7294673866142716,0.36637184415690544
C000711,C002579,72,1.736531527843596,0.36542608401373194
C000711,C001839,73,1.746139015603073,0.3641476248355156
C000711,C004220,74,1.7498976313145207,0.36364990049537765
C000711,C002683,75,1.7517367983967034,0.3634068492970145
C000711,C000011,76,1.7522521170421794,0.36333880672047264
C000711,C000919,77,1.7553272599562768,0.3629332945429751
C000711,C003420,78,1.7572416023999224,0.36268131132563536
C000711,C001259,79,1.7629791269963746,0.3619281775346224
C000711,C000733,80,1.7650944257995533,0.36165130227364317
C000711,C000451,81,1.7653763370709536,0.36161443438804625
C000711,C004911,82,1.7685102482673654,0.3612050923870831
C000711,C000218,83,1.773338714728699,0.36057622341230133
C000711,C004941,84,1.7777878304512738,0.35999869717822974
C000711,C002351,85,1.7794504915169784,0.35978334676298424
C000711,C003639,86,1.7911811363791823,0.35827126622718397
C000711,C002402,87,1.7922096369776401,0.3581392982664532
C000711,C002443,88,1.793947153690392,0.3579165764388734
C000711,C003682,89,1.7971738927976386,0.3575036942018052
C000711,C003090,90,1.8032582018728232,0.3567277532022958
C000711,C002753,91,1.8054019962109298,0.3564551537892372
C000711,C004638,92,1.8054314034213075,0.3564514173401175
C000711,C003470,93,1.8064310765130853,0.3563244465075098
C000711,C001048,94,1.806729899560065,0.3562865098478991
C000711,C004133,95,1.8111315051115817,0.35572864456239917
C000711,C002562,96,1.8123719789884263,0.3555717406769524
C000711,C002017,97,1.8199856088046216,0.35461173875419
C000711,C000187,98,1.8229294669209128,0.35424193615816474
C000711,C001076,99,1.8257695145965283,0.35388590429420885
C000711,C003606,100,1.836614937218911,0.35253286827165387
C000711,C002372,101,1.8368429538638196,0.3525045327722446
C000711,C004547,102,1.8374834033552387,0.35242496883595165
C000711,C004829,103,1.8390728250167945,0.3522276678457815
C000711,C000037,104,1.8408958665212325,0.3520016385621807
C000711,C004956,105,1.8422690502810262,0.3518315762194033
C000711,C002477,106,1.8458925671486353,0.3513836086236814
C000711,C001626,107,1.8564975234027585,0.35007907124273135
C000711,C004409,108,1.8574504823539588,0.3499623199686047
C000711,C004794,109,1.8575560858433504,0.34994938680437837
C000711,C000280,110,1.8582913076918897,0.34985937133451733
C000711,C002012,111,1.8627931955120856,0.3493091996891951
C000711,C001452,112,1.86543052477441,0.3489876970856685
C000711,C002572,113,1.8760692218280797,0.3476967773968884
C000711,C002110,114,1.8794058909787086,0.347293864728498
C000711,C001313,115,1.8816513941761763,0.34702323883485775
C000711,C001830,116,1.897002853626989,0.34518433378414526
C000711,C004091,117,1.8998073534941669,0.34485049456648725
C000711,C000408,118,1.9019173187196368,0.34459975601276366
C000711,C002131,119,1.902296171117827,0.34455477354499187
C000711,C002702,120,1.9024498630516475,0.3445365285133973
C000711,C000233,121,1.9039485819645285,0.3443587142729288
C000711,C002073,122,1.9110019732398849,0.34352432914602965
C000711,C000683,123,1.9127230056730726,0.34332135189385093
C000711,C003732,124,1.915159067366395,0.3430344543440016
C000711,C002164,125,1.9175724404161858,0.34275070128416485
C000711,C003043,126,1.9190406064953074,0.3425783107555437
C000711,C002994,127,1.9216924663309223,0.3422673712321973
C000711,C000672,128,1.9256105727485848,0.34180899170750156
C000711,C000365,129,1.9260580763009858,0.3417567163479417
C000711,C000004,130,1.9273941287709588,0.34160073977460675
C000711,C003622,131,1.934764529305683,0.34074283984772824
C000711,C002200,132,1.9381557675860788,0.34034955227087127
C000711,C002168,133,1.9417025535670869,0.3399391956836042
C000711,C001197,134,1.9455142524446918,0.33949929088614283
C000711,C003356,135,1.9627317856761537,0.337526334592512
C000711,C002610,136,1.963714918966313,0.3374143692433079
C000711,C002008,137,1.9674392801903275,0.33699088863441257
C000711,C000701,138,1.9790551508117409,0.3356769006869569
C000711,C001573,139,1.983239804642179,0.33520603956943507
C000711,C001606,140,1.9853463248756387,0.33496951146586224
C000711,C002951,141,1.9860811847254471,0.3348870771214294
C000711,C001359,142,1.9914650712475426,0.33428436441110304
C000711,C002780,143,1.9947308397417136,0.3339198256916628
C000711,C004555,144,1.9957757492179802,0.3338033563630525
C000711,C002565,145,1.9958930857418953,0.33379028269039934
C000711,C002227,146,2.0041018954100585,0.33287818949413517
C000711,C004832,147,2.007285325812026,0.33252581370209044
C000711,C001619,148,2.007414440701952,0.33251153764048325
C000711,C000208,149,2.0141373466201435,0.33176988471389157
C000711,C000635,150,2.022227158874871,0.33088181246186826
C000711,C004790,151,2.0311625054409017,0.3299064296965311
C000711,C000590,152,2.037416310273365,0.3292271779201715
C000711,C003071,153,2.0417827478380226,0.3287545768055789
C000711,C004949,154,2.044656700546201,0.32844425442796343
C000711,C003240,155,2.052199838106623,0.3276325447354495
C000711,C004107,156,2.05441260006076,0.32739519211651613
C000711,C004614,157,2.058678928701699,0.32693853238936216
C000711,C000305,158,2.059268433474738,0.32687553307121636
C000711,C000767,159,2.0602550545360283,0.32677014895139583
C000711,C001392,160,2.073263085857059,0.3253870469475685
C000711,C002437,161,2.07331779499137,0.32538125462642176
C000711,C000647,162,2.0735020421724526,0.3253617490012035
C000711,C004303,163,2.078570932553196,0.3248260384147314
C000711,C004512,164,2.0798687604454997,0.3246891597599604
C000711,C000739,165,2.0828631392200427,0.3243737898312922
C000711,C000962,166,2.090134847651766,0.32361047310278807
C000711,C004763,167,2.091738180723281,0.3234426531440835
C000711,C002293,168,2.097002044179955,0.32289290925049635
C000711,C004048,169,2.1002339406773514,0.32255630353544096
C000711,C002710,170,2.100277013125167,0.32255182222957934
C000711,C002369,171,2.1020572461278286,0.3223667136537403
C000711,C003328,172,2.103881575244853,0.32217724025798694
C000711,C001740,173,2.1046338153542203,0.32209917802686366
C000711,C000641,174,2.107958607569964,0.3217546068870831
C000711,C002626,175,2.1109638537587654,0.3214437862374287
C000711,C004193,176,2.111282026893923,0.3214109140077947
C000711,C002699,177,2.114653674737788,0.3210629830567556
C000711,C001985,178,2.120400367664747,0.3204716966330774
C000711,C000123,179,2.1267701273717816,0.3198188415726467
C000711,C003577,180,2.1322472303715743,0.3192596006801709
C000711,C003132,181,2.1363910226036436,0.3188377956680478
C000711,C001247,182,2.138141611682516,0.3186599343628249
C000711,C004497,183,2.1409059099477736,0.31837948307615105
C000711,C000088,184,2.141956082359316,0.31827306740999806
C000711,C002007,185,2.1466958912045317,0.31779365867389475
C000711,C002434,186,2.1480857613304702,0.3176533537565926
C000711,C003427,187,2.149369901294645,0.31752383217637264
C000711,C002392,188,2.153015691860331,0.31715668354634274
C000711,C004060,189,2.1530597313636126,0.31715225374672085
C000711,C000195,190,2.1548516388401775,0.31697211611752096
C000711,C000499,191,2.1572818608970974,0.31672813643437714
C000711,C004482,192,2.1648895526966627,0.3159667923160049
C000711,C002573,193,2.1660997061476626,0.3158460228079
C000711,C003958,194,2.1749897026512555,0.3149616514236113
C000711,C000859,195,2.179342292662809,0.31453046194735623
C000711,C003465,196,2.183633757875392,0.31410648210595465
C000711,C001914,197,2.1879119871891275,0.3136849461398489
C000711,C004558,198,2.193733544091968,0.31311315931470945
C000711,C003203,199,2.1940774675252968,0.3130794447433295
C000711,C003483,200,2.1944897834366697,0.3130390352741051
